patient_id,first_name,last_name,date_of_birth,ssn,email,phone_number,address,diagnosis_code,doctor_id,insurance_id,created_at
PAT100001,Maya,Patel,1971-02-02,101-11-1001,user1@example.com,555-0101,101 Main Street,I10,DOC501,INS800001,2025-02-02
PAT100002,Rohan,Kumar,1972-03-03,102-12-1002,user2@example.com,555-0102,102 Main Street,J45.909,DOC502,INS800002,2025-03-03
PAT100003,Anika,Reddy,1973-04-04,103-13-1003,user3@example.com,555-0103,103 Main Street,M54.5,DOC503,INS800003,2025-04-04
PAT100004,Vikram,Singh,1974-05-05,104-14-1004,user4@example.com,555-0104,104 Main Street,R51.9,DOC504,INS800004,2025-05-05
PAT100005,Sara,Thomas,1975-06-06,105-15-1005,user5@example.com,555-0105,105 Main Street,K21.9,DOC505,INS800005,2025-06-06
PAT100006,David,Mehta,1976-07-07,106-16-1006,user6@example.com,555-0106,106 Main Street,E11.9,DOC506,INS800006,2025-07-07
PAT100007,Priya,Brown,1977-08-08,107-17-1007,user7@example.com,555-0107,107 Main Street,I10,DOC507,INS800007,2025-08-08
PAT100008,Aarav,Sharma,1978-09-09,108-18-1008,user8@example.com,555-0108,108 Main Street,J45.909,DOC508,INS800008,2025-09-09
PAT100009,Maya,Patel,1979-10-10,109-19-1009,user9@example.com,555-0109,109 Main Street,M54.5,DOC509,INS800009,2025-10-10
PAT100010,Rohan,Kumar,1980-11-11,110-20-1010,user10@example.com,555-0110,110 Main Street,R51.9,DOC510,INS800010,2025-11-11
PAT100011,Anika,Reddy,1981-12-12,111-21-1011,user11@example.com,555-0111,111 Main Street,K21.9,DOC511,INS800011,2025-12-12
PAT100012,Vikram,Singh,1982-01-13,112-22-1012,user12@example.com,555-0112,112 Main Street,E11.9,DOC512,INS800012,2025-01-13
PAT100013,Sara,Thomas,1983-02-14,113-23-1013,user13@example.com,555-0113,113 Main Street,I10,DOC513,INS800013,2025-02-14
PAT100014,David,Mehta,1984-03-15,114-24-1014,user14@example.com,555-0114,114 Main Street,J45.909,DOC514,INS800014,2025-03-15
PAT100015,Priya,Brown,1985-04-16,115-25-1015,user15@example.com,555-0115,115 Main Street,M54.5,DOC515,INS800015,2025-04-16
PAT100016,Aarav,Sharma,1986-05-17,116-26-1016,user16@example.com,555-0116,116 Main Street,R51.9,DOC516,INS800016,2025-05-17
PAT100017,Maya,Patel,1987-06-18,117-27-1017,user17@example.com,555-0117,117 Main Street,K21.9,DOC517,INS800017,2025-06-18
PAT100018,Rohan,Kumar,1988-07-19,118-28-1018,user18@example.com,555-0118,118 Main Street,E11.9,DOC518,INS800018,2025-07-19
PAT100019,Anika,Reddy,1989-08-20,119-29-1019,user19@example.com,555-0119,119 Main Street,I10,DOC519,INS800019,2025-08-20
PAT100020,Vikram,Singh,1990-09-21,120-30-1020,user20@example.com,555-0120,120 Main Street,J45.909,DOC520,INS800020,2025-09-21
PAT100021,Sara,Thomas,1991-10-22,121-31-1021,user21@example.com,555-0121,121 Main Street,M54.5,DOC521,INS800021,2025-10-22
PAT100022,David,Mehta,1992-11-23,122-32-1022,user22@example.com,555-0122,122 Main Street,R51.9,DOC522,INS800022,2025-11-23
PAT100023,Priya,Brown,1993-12-24,123-33-1023,user23@example.com,555-0123,123 Main Street,K21.9,DOC523,INS800023,2025-12-24
PAT100024,Aarav,Sharma,1994-01-25,124-34-1024,user24@example.com,555-0124,124 Main Street,E11.9,DOC524,INS800024,2025-01-25
PAT100025,Maya,Patel,1995-02-26,125-35-1025,user25@example.com,555-0125,125 Main Street,I10,DOC500,INS800025,2025-02-26
PAT100026,Rohan,Kumar,1996-03-27,126-36-1026,user26@example.com,555-0126,126 Main Street,J45.909,DOC501,INS800026,2025-03-27
PAT100027,Anika,Reddy,1997-04-28,127-37-1027,user27@example.com,555-0127,127 Main Street,M54.5,DOC502,INS800027,2025-04-28
PAT100028,Vikram,Singh,1998-05-01,128-38-1028,user28@example.com,555-0128,128 Main Street,R51.9,DOC503,INS800028,2025-05-01
PAT100029,Sara,Thomas,1999-06-02,129-39-1029,user29@example.com,555-0129,129 Main Street,K21.9,DOC504,INS800029,2025-06-02
PAT100030,David,Mehta,2000-07-03,130-40-1030,user30@example.com,555-0130,130 Main Street,E11.9,DOC505,INS800030,2025-07-03
PAT100031,Priya,Brown,2001-08-04,131-41-1031,user31@example.com,555-0131,131 Main Street,I10,DOC506,INS800031,2025-08-04
PAT100032,Aarav,Sharma,2002-09-05,132-42-1032,user32@example.com,555-0132,132 Main Street,J45.909,DOC507,INS800032,2025-09-05
PAT100033,Maya,Patel,2003-10-06,133-43-1033,user33@example.com,555-0133,133 Main Street,M54.5,DOC508,INS800033,2025-10-06
PAT100034,Rohan,Kumar,2004-11-07,134-44-1034,user34@example.com,555-0134,134 Main Street,R51.9,DOC509,INS800034,2025-11-07
PAT100035,Anika,Reddy,1970-12-08,135-45-1035,user35@example.com,555-0135,135 Main Street,K21.9,DOC510,INS800035,2025-12-08
PAT100036,Vikram,Singh,1971-01-09,136-46-1036,user36@example.com,555-0136,136 Main Street,E11.9,DOC511,INS800036,2025-01-09
PAT100037,Sara,Thomas,1972-02-10,137-47-1037,user37@example.com,555-0137,137 Main Street,I10,DOC512,INS800037,2025-02-10
PAT100038,David,Mehta,1973-03-11,138-48-1038,user38@example.com,555-0138,138 Main Street,J45.909,DOC513,INS800038,2025-03-11
PAT100039,Priya,Brown,1974-04-12,139-49-1039,user39@example.com,555-0139,139 Main Street,M54.5,DOC514,INS800039,2025-04-12
PAT100040,Aarav,Sharma,1975-05-13,140-50-1040,user40@example.com,555-0140,140 Main Street,R51.9,DOC515,INS800040,2025-05-13
PAT100041,Maya,Patel,1976-06-14,141-51-1041,user41@example.com,555-0141,141 Main Street,K21.9,DOC516,INS800041,2025-06-14
PAT100042,Rohan,Kumar,1977-07-15,142-52-1042,user42@example.com,555-0142,142 Main Street,E11.9,DOC517,INS800042,2025-07-15
PAT100043,Anika,Reddy,1978-08-16,143-53-1043,user43@example.com,555-0143,143 Main Street,I10,DOC518,INS800043,2025-08-16
PAT100044,Vikram,Singh,1979-09-17,144-54-1044,user44@example.com,555-0144,144 Main Street,J45.909,DOC519,INS800044,2025-09-17
PAT100045,Sara,Thomas,1980-10-18,145-55-1045,user45@example.com,555-0145,145 Main Street,M54.5,DOC520,INS800045,2025-10-18
PAT100046,David,Mehta,1981-11-19,146-56-1046,user46@example.com,555-0146,146 Main Street,R51.9,DOC521,INS800046,2025-11-19
PAT100047,Priya,Brown,1982-12-20,147-57-1047,user47@example.com,555-0147,147 Main Street,K21.9,DOC522,INS800047,2025-12-20
PAT100048,Aarav,Sharma,1983-01-21,148-58-1048,user48@example.com,555-0148,148 Main Street,E11.9,DOC523,INS800048,2025-01-21
PAT100049,Maya,Patel,1984-02-22,149-59-1049,user49@example.com,555-0149,149 Main Street,I10,DOC524,INS800049,2025-02-22
PAT100050,Rohan,Kumar,1985-03-23,150-60-1050,user50@example.com,555-0150,150 Main Street,J45.909,DOC500,INS800050,2025-03-23
PAT100051,Anika,Reddy,1986-04-24,151-61-1051,user51@example.com,555-0151,151 Main Street,M54.5,DOC501,INS800051,2025-04-24
PAT100052,Vikram,Singh,1987-05-25,152-62-1052,user52@example.com,555-0152,152 Main Street,R51.9,DOC502,INS800052,2025-05-25
PAT100053,Sara,Thomas,1988-06-26,153-63-1053,user53@example.com,555-0153,153 Main Street,K21.9,DOC503,INS800053,2025-06-26
PAT100054,David,Mehta,1989-07-27,154-64-1054,user54@example.com,555-0154,154 Main Street,E11.9,DOC504,INS800054,2025-07-27
PAT100055,Priya,Brown,1990-08-28,155-65-1055,user55@example.com,555-0155,155 Main Street,I10,DOC505,INS800055,2025-08-28
PAT100056,Aarav,Sharma,1991-09-01,156-66-1056,user56@example.com,555-0156,156 Main Street,J45.909,DOC506,INS800056,2025-09-01
PAT100057,Maya,Patel,1992-10-02,157-67-1057,user57@example.com,555-0157,157 Main Street,M54.5,DOC507,INS800057,2025-10-02
PAT100058,Rohan,Kumar,1993-11-03,158-68-1058,user58@example.com,555-0158,158 Main Street,R51.9,DOC508,INS800058,2025-11-03
PAT100059,Anika,Reddy,1994-12-04,159-69-1059,user59@example.com,555-0159,159 Main Street,K21.9,DOC509,INS800059,2025-12-04
PAT100060,Vikram,Singh,1995-01-05,160-70-1060,user60@example.com,555-0160,160 Main Street,E11.9,DOC510,INS800060,2025-01-05
PAT100061,Sara,Thomas,1996-02-06,161-71-1061,user61@example.com,555-0161,161 Main Street,I10,DOC511,INS800061,2025-02-06
PAT100062,David,Mehta,1997-03-07,162-72-1062,user62@example.com,555-0162,162 Main Street,J45.909,DOC512,INS800062,2025-03-07
PAT100063,Priya,Brown,1998-04-08,163-73-1063,user63@example.com,555-0163,163 Main Street,M54.5,DOC513,INS800063,2025-04-08
PAT100064,Aarav,Sharma,1999-05-09,164-74-1064,user64@example.com,555-0164,164 Main Street,R51.9,DOC514,INS800064,2025-05-09
PAT100065,Maya,Patel,2000-06-10,165-75-1065,user65@example.com,555-0165,165 Main Street,K21.9,DOC515,INS800065,2025-06-10
PAT100066,Rohan,Kumar,2001-07-11,166-76-1066,user66@example.com,555-0166,166 Main Street,E11.9,DOC516,INS800066,2025-07-11
PAT100067,Anika,Reddy,2002-08-12,167-77-1067,user67@example.com,555-0167,167 Main Street,I10,DOC517,INS800067,2025-08-12
PAT100068,Vikram,Singh,2003-09-13,168-78-1068,user68@example.com,555-0168,168 Main Street,J45.909,DOC518,INS800068,2025-09-13
PAT100069,Sara,Thomas,2004-10-14,169-79-1069,user69@example.com,555-0169,169 Main Street,M54.5,DOC519,INS800069,2025-10-14
PAT100070,David,Mehta,1970-11-15,170-80-1070,user70@example.com,555-0170,170 Main Street,R51.9,DOC520,INS800070,2025-11-15
PAT100071,Priya,Brown,1971-12-16,171-81-1071,user71@example.com,555-0171,171 Main Street,K21.9,DOC521,INS800071,2025-12-16
PAT100072,Aarav,Sharma,1972-01-17,172-82-1072,user72@example.com,555-0172,172 Main Street,E11.9,DOC522,INS800072,2025-01-17
PAT100073,Maya,Patel,1973-02-18,173-83-1073,user73@example.com,555-0173,173 Main Street,I10,DOC523,INS800073,2025-02-18
PAT100074,Rohan,Kumar,1974-03-19,174-84-1074,user74@example.com,555-0174,174 Main Street,J45.909,DOC524,INS800074,2025-03-19
PAT100075,Anika,Reddy,1975-04-20,175-85-1075,user75@example.com,555-0175,175 Main Street,M54.5,DOC500,INS800075,2025-04-20
PAT100076,Vikram,Singh,1976-05-21,176-86-1076,user76@example.com,555-0176,176 Main Street,R51.9,DOC501,INS800076,2025-05-21
PAT100077,Sara,Thomas,1977-06-22,177-87-1077,user77@example.com,555-0177,177 Main Street,K21.9,DOC502,INS800077,2025-06-22
PAT100078,David,Mehta,1978-07-23,178-88-1078,user78@example.com,555-0178,178 Main Street,E11.9,DOC503,INS800078,2025-07-23
PAT100079,Priya,Brown,1979-08-24,179-89-1079,user79@example.com,555-0179,179 Main Street,I10,DOC504,INS800079,2025-08-24
PAT100080,Aarav,Sharma,1980-09-25,180-90-1080,user80@example.com,555-0180,180 Main Street,J45.909,DOC505,INS800080,2025-09-25
PAT100081,Maya,Patel,1981-10-26,181-91-1081,user81@example.com,555-0181,181 Main Street,M54.5,DOC506,INS800081,2025-10-26
PAT100082,Rohan,Kumar,1982-11-27,182-92-1082,user82@example.com,555-0182,182 Main Street,R51.9,DOC507,INS800082,2025-11-27
PAT100083,Anika,Reddy,1983-12-28,183-93-1083,user83@example.com,555-0183,183 Main Street,K21.9,DOC508,INS800083,2025-12-28
PAT100084,Vikram,Singh,1984-01-01,184-94-1084,user84@example.com,555-0184,184 Main Street,E11.9,DOC509,INS800084,2025-01-01
PAT100085,Sara,Thomas,1985-02-02,185-95-1085,user85@example.com,555-0185,185 Main Street,I10,DOC510,INS800085,2025-02-02
PAT100086,David,Mehta,1986-03-03,186-96-1086,user86@example.com,555-0186,186 Main Street,J45.909,DOC511,INS800086,2025-03-03
PAT100087,Priya,Brown,1987-04-04,187-97-1087,user87@example.com,555-0187,187 Main Street,M54.5,DOC512,INS800087,2025-04-04
PAT100088,Aarav,Sharma,1988-05-05,188-98-1088,user88@example.com,555-0188,188 Main Street,R51.9,DOC513,INS800088,2025-05-05
PAT100089,Maya,Patel,1989-06-06,189-10-1089,user89@example.com,555-0189,189 Main Street,K21.9,DOC514,INS800089,2025-06-06
PAT100090,Rohan,Kumar,1990-07-07,190-11-1090,user90@example.com,555-0190,190 Main Street,E11.9,DOC515,INS800090,2025-07-07
PAT100091,Anika,Reddy,1991-08-08,191-12-1091,user91@example.com,555-0191,191 Main Street,I10,DOC516,INS800091,2025-08-08
PAT100092,Vikram,Singh,1992-09-09,192-13-1092,user92@example.com,555-0192,192 Main Street,J45.909,DOC517,INS800092,2025-09-09
PAT100093,Sara,Thomas,1993-10-10,193-14-1093,user93@example.com,555-0193,193 Main Street,M54.5,DOC518,INS800093,2025-10-10
PAT100094,David,Mehta,1994-11-11,194-15-1094,user94@example.com,555-0194,194 Main Street,R51.9,DOC519,INS800094,2025-11-11
PAT100095,Priya,Brown,1995-12-12,195-16-1095,user95@example.com,555-0195,195 Main Street,K21.9,DOC520,INS800095,2025-12-12
PAT100096,Aarav,Sharma,1996-01-13,196-17-1096,user96@example.com,555-0196,196 Main Street,E11.9,DOC521,INS800096,2025-01-13
PAT100097,Maya,Patel,1997-02-14,197-18-1097,user97@example.com,555-0197,197 Main Street,I10,DOC522,INS800097,2025-02-14
PAT100098,Rohan,Kumar,1998-03-15,198-19-1098,user98@example.com,555-0198,198 Main Street,J45.909,DOC523,INS800098,2025-03-15
PAT100099,Anika,Reddy,1999-04-16,199-20-1099,user99@example.com,555-0199,199 Main Street,M54.5,DOC524,INS800099,2025-04-16
PAT100100,Vikram,Singh,2000-05-17,200-21-1100,user100@example.com,555-0100,200 Main Street,R51.9,DOC500,INS800100,2025-05-17
