pipeline_id,name,source,target,status
ID10000,Aarav Sharma,source_0,target_0,Scheduled
ID10001,Maya Patel,source_1,target_1,Completed
ID10002,Rohan Kumar,source_2,target_2,Cancelled
ID10003,Anika Reddy,source_3,target_3,Pending
ID10004,Vikram Singh,source_4,target_4,Scheduled
ID10005,Sara Thomas,source_5,target_5,Completed
ID10006,David Mehta,source_6,target_6,Cancelled
ID10007,Priya Brown,source_7,target_7,Pending
ID10008,Aarav Sharma,source_8,target_8,Scheduled
ID10009,Maya Patel,source_9,target_9,Completed
ID10010,Rohan Kumar,source_10,target_10,Cancelled
ID10011,Anika Reddy,source_11,target_11,Pending
ID10012,Vikram Singh,source_12,target_12,Scheduled
ID10013,Sara Thomas,source_13,target_13,Completed
ID10014,David Mehta,source_14,target_14,Cancelled
ID10015,Priya Brown,source_15,target_15,Pending
ID10016,Aarav Sharma,source_16,target_16,Scheduled
ID10017,Maya Patel,source_17,target_17,Completed
ID10018,Rohan Kumar,source_18,target_18,Cancelled
ID10019,Anika Reddy,source_19,target_19,Pending
ID10020,Vikram Singh,source_20,target_20,Scheduled
ID10021,Sara Thomas,source_21,target_21,Completed
ID10022,David Mehta,source_22,target_22,Cancelled
ID10023,Priya Brown,source_23,target_23,Pending
ID10024,Aarav Sharma,source_24,target_24,Scheduled
ID10025,Maya Patel,source_25,target_25,Completed
ID10026,Rohan Kumar,source_26,target_26,Cancelled
ID10027,Anika Reddy,source_27,target_27,Pending
ID10028,Vikram Singh,source_28,target_28,Scheduled
ID10029,Sara Thomas,source_29,target_29,Completed
ID10030,David Mehta,source_30,target_30,Cancelled
ID10031,Priya Brown,source_31,target_31,Pending
ID10032,Aarav Sharma,source_32,target_32,Scheduled
ID10033,Maya Patel,source_33,target_33,Completed
ID10034,Rohan Kumar,source_34,target_34,Cancelled
ID10035,Anika Reddy,source_35,target_35,Pending
ID10036,Vikram Singh,source_36,target_36,Scheduled
ID10037,Sara Thomas,source_37,target_37,Completed
ID10038,David Mehta,source_38,target_38,Cancelled
ID10039,Priya Brown,source_39,target_39,Pending
ID10040,Aarav Sharma,source_40,target_40,Scheduled
ID10041,Maya Patel,source_41,target_41,Completed
ID10042,Rohan Kumar,source_42,target_42,Cancelled
ID10043,Anika Reddy,source_43,target_43,Pending
ID10044,Vikram Singh,source_44,target_44,Scheduled
ID10045,Sara Thomas,source_45,target_45,Completed
ID10046,David Mehta,source_46,target_46,Cancelled
ID10047,Priya Brown,source_47,target_47,Pending
ID10048,Aarav Sharma,source_48,target_48,Scheduled
ID10049,Maya Patel,source_49,target_49,Completed
ID10050,Rohan Kumar,source_50,target_50,Cancelled
ID10051,Anika Reddy,source_51,target_51,Pending
ID10052,Vikram Singh,source_52,target_52,Scheduled
ID10053,Sara Thomas,source_53,target_53,Completed
ID10054,David Mehta,source_54,target_54,Cancelled
ID10055,Priya Brown,source_55,target_55,Pending
ID10056,Aarav Sharma,source_56,target_56,Scheduled
ID10057,Maya Patel,source_57,target_57,Completed
ID10058,Rohan Kumar,source_58,target_58,Cancelled
ID10059,Anika Reddy,source_59,target_59,Pending
ID10060,Vikram Singh,source_60,target_60,Scheduled
ID10061,Sara Thomas,source_61,target_61,Completed
ID10062,David Mehta,source_62,target_62,Cancelled
ID10063,Priya Brown,source_63,target_63,Pending
ID10064,Aarav Sharma,source_64,target_64,Scheduled
ID10065,Maya Patel,source_65,target_65,Completed
ID10066,Rohan Kumar,source_66,target_66,Cancelled
ID10067,Anika Reddy,source_67,target_67,Pending
ID10068,Vikram Singh,source_68,target_68,Scheduled
ID10069,Sara Thomas,source_69,target_69,Completed
ID10070,David Mehta,source_70,target_70,Cancelled
ID10071,Priya Brown,source_71,target_71,Pending
ID10072,Aarav Sharma,source_72,target_72,Scheduled
ID10073,Maya Patel,source_73,target_73,Completed
ID10074,Rohan Kumar,source_74,target_74,Cancelled
ID10075,Anika Reddy,source_75,target_75,Pending
ID10076,Vikram Singh,source_76,target_76,Scheduled
ID10077,Sara Thomas,source_77,target_77,Completed
ID10078,David Mehta,source_78,target_78,Cancelled
ID10079,Priya Brown,source_79,target_79,Pending
ID10080,Aarav Sharma,source_80,target_80,Scheduled
ID10081,Maya Patel,source_81,target_81,Completed
ID10082,Rohan Kumar,source_82,target_82,Cancelled
ID10083,Anika Reddy,source_83,target_83,Pending
ID10084,Vikram Singh,source_84,target_84,Scheduled
ID10085,Sara Thomas,source_85,target_85,Completed
ID10086,David Mehta,source_86,target_86,Cancelled
ID10087,Priya Brown,source_87,target_87,Pending
ID10088,Aarav Sharma,source_88,target_88,Scheduled
ID10089,Maya Patel,source_89,target_89,Completed
ID10090,Rohan Kumar,source_90,target_90,Cancelled
ID10091,Anika Reddy,source_91,target_91,Pending
ID10092,Vikram Singh,source_92,target_92,Scheduled
ID10093,Sara Thomas,source_93,target_93,Completed
ID10094,David Mehta,source_94,target_94,Cancelled
ID10095,Priya Brown,source_95,target_95,Pending
ID10096,Aarav Sharma,source_96,target_96,Scheduled
ID10097,Maya Patel,source_97,target_97,Completed
ID10098,Rohan Kumar,source_98,target_98,Cancelled
ID10099,Anika Reddy,source_99,target_99,Pending
